sourceTaxonId	sourceTaxonName	sourceTaxonSes	interactionTypeId	interactionTypeName	targetTaxonId	targetTaxonName	localityId	localityName	decimalLatitude	decimalLongitude	observationDateTime	referenceDoi	referenceCitation
EOL:638983	Hyles lineata		http://eol.org/schema/terms/VisitsFlowersOf	visits flowers of	EOL:1002543	Lilium parryi	GEONAMES:5391734	San Bernardino Mountains of southern California, USA	34.216667	-116.95	2001		Alarcón, R., Waser, N.M. and Ollerton, J., 2008. Year‐to‐year variation in the topology of a plant–pollinator interaction network. Oikos, 117(12), pp.1796-1807.
EOL:638983	Hyles lineata		http://eol.org/schema/terms/VisitsFlowersOf	visits flowers of	EOL:578005	Penstemon caesius	GEONAMES:5391734	San Bernardino Mountains of southern California, USA	34.216667	-116.95	2001		Alarcón, R., Waser, N.M. and Ollerton, J., 2008. Year‐to‐year variation in the topology of a plant–pollinator interaction network. Oikos, 117(12), pp.1796-1807.
EOL:916411	Selasphorus rufus		http://eol.org/schema/terms/VisitsFlowersOf	visits flowers of	EOL:578153	Penstemon labrosus	GEONAMES:5391734	San Bernardino Mountains of southern California, USA	34.216667	-116.95	2001		Alarcón, R., Waser, N.M. and Ollerton, J., 2008. Year‐to‐year variation in the topology of a plant–pollinator interaction network. Oikos, 117(12), pp.1796-1807.
EOL:638983	Hyles lineata		http://eol.org/schema/terms/VisitsFlowersOf	visits flowers of	EOL:578005	Penstemon caesius	GEONAMES:5391734	San Bernardino Mountains of southern California, USA	34.216667	-116.95	2003		Alarcón, R., Waser, N.M. and Ollerton, J., 2008. Year‐to‐year variation in the topology of a plant–pollinator interaction network. Oikos, 117(12), pp.1796-1807.
EOL:916046	Stellula calliope		http://eol.org/schema/terms/VisitsFlowersOf	visits flowers of	EOL:578153	Penstemon labrosus	GEONAMES:5391734	San Bernardino Mountains of southern California, USA	34.216667	-116.95	2003		Alarcón, R., Waser, N.M. and Ollerton, J., 2008. Year‐to‐year variation in the topology of a plant–pollinator interaction network. Oikos, 117(12), pp.1796-1807.
EOL:919346	Pipra pipra		RO:0002470	eats	EOL:5431035	Miconia minutiflora	GEONAMES:8350640	Centro de Investigaciones Jenaro Herrera	-4.916667	-73.75			Gorchov, D.L., Cornejo, F., Ascorra, C.F. and Jaramillo, M., 1995. Dietary overlap between frugivorous birds and bats in the Peruvian Amazon. Oikos, pp.235-250.
EOL:46241208	Pipra coronata		RO:0002470	eats	EOL:5431035	Miconia minutiflora	GEONAMES:8350640	Centro de Investigaciones Jenaro Herrera	-4.916667	-73.75			Gorchov, D.L., Cornejo, F., Ascorra, C.F. and Jaramillo, M., 1995. Dietary overlap between frugivorous birds and bats in the Peruvian Amazon. Oikos, pp.235-250.
EOL:1052891	Tachyphonus surinamus		RO:0002470	eats	EOL:5431325	Miconia dolichorrhyncha	GEONAMES:8350640	Centro de Investigaciones Jenaro Herrera	-4.916667	-73.75			Gorchov, D.L., Cornejo, F., Ascorra, C.F. and Jaramillo, M., 1995. Dietary overlap between frugivorous birds and bats in the Peruvian Amazon. Oikos, pp.235-250.
EOL:919280	Machaeropterus regulus		RO:0002470	eats	EOL:5431035	Miconia minutiflora	GEONAMES:8350640	Centro de Investigaciones Jenaro Herrera	-4.916667	-73.75			Gorchov, D.L., Cornejo, F., Ascorra, C.F. and Jaramillo, M., 1995. Dietary overlap between frugivorous birds and bats in the Peruvian Amazon. Oikos, pp.235-250.
EOL:1052932	Tangara schrankii		RO:0002470	eats	EOL:5431325	Miconia dolichorrhyncha	GEONAMES:8350640	Centro de Investigaciones Jenaro Herrera	-4.916667	-73.75			Gorchov, D.L., Cornejo, F., Ascorra, C.F. and Jaramillo, M., 1995. Dietary overlap between frugivorous birds and bats in the Peruvian Amazon. Oikos, pp.235-250.
EOL:1177537	Catharus ustulatus		RO:0002470	eats	EOL:478805	Miconia splendens	GEONAMES:8350640	Centro de Investigaciones Jenaro Herrera	-4.916667	-73.75			Gorchov, D.L., Cornejo, F., Ascorra, C.F. and Jaramillo, M., 1995. Dietary overlap between frugivorous birds and bats in the Peruvian Amazon. Oikos, pp.235-250.
EOL:919289	Manacus manacus		RO:0002470	eats	EOL:5431331	Miconia duckei	GEONAMES:8350640	Centro de Investigaciones Jenaro Herrera	-4.916667	-73.75			Gorchov, D.L., Cornejo, F., Ascorra, C.F. and Jaramillo, M., 1995. Dietary overlap between frugivorous birds and bats in the Peruvian Amazon. Oikos, pp.235-250.
EOL:919346	Pipra pipra		RO:0002470	eats	EOL:5432323	Miconia ternatifolia	GEONAMES:8350640	Centro de Investigaciones Jenaro Herrera	-4.916667	-73.75			Gorchov, D.L., Cornejo, F., Ascorra, C.F. and Jaramillo, M., 1995. Dietary overlap between frugivorous birds and bats in the Peruvian Amazon. Oikos, pp.235-250.
EOL:46241208	Pipra coronata		RO:0002470	eats	EOL:5432323	Miconia ternatifolia	GEONAMES:8350640	Centro de Investigaciones Jenaro Herrera	-4.916667	-73.75			Gorchov, D.L., Cornejo, F., Ascorra, C.F. and Jaramillo, M., 1995. Dietary overlap between frugivorous birds and bats in the Peruvian Amazon. Oikos, pp.235-250.
EOL:919346	Pipra pipra		RO:0002470	eats	EOL:5431325	Miconia dolichorrhyncha	GEONAMES:8350640	Centro de Investigaciones Jenaro Herrera	-4.916667	-73.75			Gorchov, D.L., Cornejo, F., Ascorra, C.F. and Jaramillo, M., 1995. Dietary overlap between frugivorous birds and bats in the Peruvian Amazon. Oikos, pp.235-250.
EOL:919280	Machaeropterus regulus		RO:0002470	eats	EOL:5431325	Miconia dolichorrhyncha	GEONAMES:8350640	Centro de Investigaciones Jenaro Herrera	-4.916667	-73.75			Gorchov, D.L., Cornejo, F., Ascorra, C.F. and Jaramillo, M., 1995. Dietary overlap between frugivorous birds and bats in the Peruvian Amazon. Oikos, pp.235-250.
EOL:46241208	Pipra coronata		RO:0002470	eats	EOL:478805	Miconia splendens	GEONAMES:8350640	Centro de Investigaciones Jenaro Herrera	-4.916667	-73.75			Gorchov, D.L., Cornejo, F., Ascorra, C.F. and Jaramillo, M., 1995. Dietary overlap between frugivorous birds and bats in the Peruvian Amazon. Oikos, pp.235-250.
EOL:919346	Pipra pipra		RO:0002470	eats	EOL:30968980	Miconia wittii	GEONAMES:8350640	Centro de Investigaciones Jenaro Herrera	-4.916667	-73.75			Gorchov, D.L., Cornejo, F., Ascorra, C.F. and Jaramillo, M., 1995. Dietary overlap between frugivorous birds and bats in the Peruvian Amazon. Oikos, pp.235-250.
EOL:919280	Machaeropterus regulus		RO:0002470	eats	EOL:5431962	Miconia phanerostila	GEONAMES:8350640	Centro de Investigaciones Jenaro Herrera	-4.916667	-73.75			Gorchov, D.L., Cornejo, F., Ascorra, C.F. and Jaramillo, M., 1995. Dietary overlap between frugivorous birds and bats in the Peruvian Amazon. Oikos, pp.235-250.
EOL:46241208	Pipra coronata		RO:0002470	eats	EOL:30968980	Miconia wittii	GEONAMES:8350640	Centro de Investigaciones Jenaro Herrera	-4.916667	-73.75			Gorchov, D.L., Cornejo, F., Ascorra, C.F. and Jaramillo, M., 1995. Dietary overlap between frugivorous birds and bats in the Peruvian Amazon. Oikos, pp.235-250.
EOL:1052891	Tachyphonus surinamus		RO:0002470	eats	EOL:30968980	Miconia wittii	GEONAMES:8350640	Centro de Investigaciones Jenaro Herrera	-4.916667	-73.75			Gorchov, D.L., Cornejo, F., Ascorra, C.F. and Jaramillo, M., 1995. Dietary overlap between frugivorous birds and bats in the Peruvian Amazon. Oikos, pp.235-250.
EOL:1177537	Catharus ustulatus		RO:0002470	eats	EOL:5431331	Miconia duckei	GEONAMES:8350640	Centro de Investigaciones Jenaro Herrera	-4.916667	-73.75			Gorchov, D.L., Cornejo, F., Ascorra, C.F. and Jaramillo, M., 1995. Dietary overlap between frugivorous birds and bats in the Peruvian Amazon. Oikos, pp.235-250.
EOL:1052932	Tangara schrankii		RO:0002470	eats	EOL:5431962	Miconia phanerostila	GEONAMES:8350640	Centro de Investigaciones Jenaro Herrera	-4.916667	-73.75			Gorchov, D.L., Cornejo, F., Ascorra, C.F. and Jaramillo, M., 1995. Dietary overlap between frugivorous birds and bats in the Peruvian Amazon. Oikos, pp.235-250.
EOL:919289	Manacus manacus		RO:0002470	eats	EOL:5436694	Ossaea cucullata	GEONAMES:8350640	Centro de Investigaciones Jenaro Herrera	-4.916667	-73.75			Gorchov, D.L., Cornejo, F., Ascorra, C.F. and Jaramillo, M., 1995. Dietary overlap between frugivorous birds and bats in the Peruvian Amazon. Oikos, pp.235-250.
EOL:919346	Pipra pipra		RO:0002470	eats	EOL:5431962	Miconia phanerostila	GEONAMES:8350640	Centro de Investigaciones Jenaro Herrera	-4.916667	-73.75			Gorchov, D.L., Cornejo, F., Ascorra, C.F. and Jaramillo, M., 1995. Dietary overlap between frugivorous birds and bats in the Peruvian Amazon. Oikos, pp.235-250.
EOL:919280	Machaeropterus regulus		RO:0002470	eats	EOL:5431331	Miconia duckei	GEONAMES:8350640	Centro de Investigaciones Jenaro Herrera	-4.916667	-73.75			Gorchov, D.L., Cornejo, F., Ascorra, C.F. and Jaramillo, M., 1995. Dietary overlap between frugivorous birds and bats in the Peruvian Amazon. Oikos, pp.235-250.
EOL:46241208	Pipra coronata		RO:0002470	eats	EOL:5431331	Miconia duckei	GEONAMES:8350640	Centro de Investigaciones Jenaro Herrera	-4.916667	-73.75			Gorchov, D.L., Cornejo, F., Ascorra, C.F. and Jaramillo, M., 1995. Dietary overlap between frugivorous birds and bats in the Peruvian Amazon. Oikos, pp.235-250.
EOL:1052891	Tachyphonus surinamus		RO:0002470	eats	EOL:5431331	Miconia duckei	GEONAMES:8350640	Centro de Investigaciones Jenaro Herrera	-4.916667	-73.75			Gorchov, D.L., Cornejo, F., Ascorra, C.F. and Jaramillo, M., 1995. Dietary overlap between frugivorous birds and bats in the Peruvian Amazon. Oikos, pp.235-250.
EOL:1177537	Catharus ustulatus		RO:0002470	eats	EOL:581143	Clidemia hirta	GEONAMES:8350640	Centro de Investigaciones Jenaro Herrera	-4.916667	-73.75			Gorchov, D.L., Cornejo, F., Ascorra, C.F. and Jaramillo, M., 1995. Dietary overlap between frugivorous birds and bats in the Peruvian Amazon. Oikos, pp.235-250.
EOL:919346	Pipra pipra		RO:0002470	eats	EOL:5431331	Miconia duckei	GEONAMES:8350640	Centro de Investigaciones Jenaro Herrera	-4.916667	-73.75			Gorchov, D.L., Cornejo, F., Ascorra, C.F. and Jaramillo, M., 1995. Dietary overlap between frugivorous birds and bats in the Peruvian Amazon. Oikos, pp.235-250.
EOL:919280	Machaeropterus regulus		RO:0002470	eats	EOL:5436694	Ossaea cucullata	GEONAMES:8350640	Centro de Investigaciones Jenaro Herrera	-4.916667	-73.75			Gorchov, D.L., Cornejo, F., Ascorra, C.F. and Jaramillo, M., 1995. Dietary overlap between frugivorous birds and bats in the Peruvian Amazon. Oikos, pp.235-250.
EOL:46241208	Pipra coronata		RO:0002470	eats	EOL:5436694	Ossaea cucullata	GEONAMES:8350640	Centro de Investigaciones Jenaro Herrera	-4.916667	-73.75			Gorchov, D.L., Cornejo, F., Ascorra, C.F. and Jaramillo, M., 1995. Dietary overlap between frugivorous birds and bats in the Peruvian Amazon. Oikos, pp.235-250.
EOL:1052891	Tachyphonus surinamus		RO:0002470	eats	EOL:5436694	Ossaea cucullata	GEONAMES:8350640	Centro de Investigaciones Jenaro Herrera	-4.916667	-73.75			Gorchov, D.L., Cornejo, F., Ascorra, C.F. and Jaramillo, M., 1995. Dietary overlap between frugivorous birds and bats in the Peruvian Amazon. Oikos, pp.235-250.
EOL:919346	Pipra pipra		RO:0002470	eats	EOL:581143	Clidemia hirta	GEONAMES:8350640	Centro de Investigaciones Jenaro Herrera	-4.916667	-73.75			Gorchov, D.L., Cornejo, F., Ascorra, C.F. and Jaramillo, M., 1995. Dietary overlap between frugivorous birds and bats in the Peruvian Amazon. Oikos, pp.235-250.
EOL:1052891	Tachyphonus surinamus		RO:0002470	eats	EOL:581143	Clidemia hirta	GEONAMES:8350640	Centro de Investigaciones Jenaro Herrera	-4.916667	-73.75			Gorchov, D.L., Cornejo, F., Ascorra, C.F. and Jaramillo, M., 1995. Dietary overlap between frugivorous birds and bats in the Peruvian Amazon. Oikos, pp.235-250.
EOL:919346	Pipra pipra		RO:0002470	eats	EOL:5436694	Ossaea cucullata	GEONAMES:8350640	Centro de Investigaciones Jenaro Herrera	-4.916667	-73.75			Gorchov, D.L., Cornejo, F., Ascorra, C.F. and Jaramillo, M., 1995. Dietary overlap between frugivorous birds and bats in the Peruvian Amazon. Oikos, pp.235-250.
EOL:46241208	Pipra coronata		RO:0002470	eats	EOL:1111442	Psychotria alboviridula	GEONAMES:8350640	Centro de Investigaciones Jenaro Herrera	-4.916667	-73.75			Gorchov, D.L., Cornejo, F., Ascorra, C.F. and Jaramillo, M., 1995. Dietary overlap between frugivorous birds and bats in the Peruvian Amazon. Oikos, pp.235-250.
EOL:919346	Pipra pipra		RO:0002470	eats	EOL:5436661	Ossaea araneifera	GEONAMES:8350640	Centro de Investigaciones Jenaro Herrera	-4.916667	-73.75			Gorchov, D.L., Cornejo, F., Ascorra, C.F. and Jaramillo, M., 1995. Dietary overlap between frugivorous birds and bats in the Peruvian Amazon. Oikos, pp.235-250.
EOL:919346	Pipra pipra		RO:0002470	eats	EOL:1111442	Psychotria alboviridula	GEONAMES:8350640	Centro de Investigaciones Jenaro Herrera	-4.916667	-73.75			Gorchov, D.L., Cornejo, F., Ascorra, C.F. and Jaramillo, M., 1995. Dietary overlap between frugivorous birds and bats in the Peruvian Amazon. Oikos, pp.235-250.
EOL:919289	Manacus manacus		RO:0002470	eats	EOL:1146109	Alchornea triplinervia	GEONAMES:8350640	Centro de Investigaciones Jenaro Herrera	-4.916667	-73.75			Gorchov, D.L., Cornejo, F., Ascorra, C.F. and Jaramillo, M., 1995. Dietary overlap between frugivorous birds and bats in the Peruvian Amazon. Oikos, pp.235-250.
EOL:919346	Pipra pipra		RO:0002470	eats	EOL:487705	Ficus americana	GEONAMES:8350640	Centro de Investigaciones Jenaro Herrera	-4.916667	-73.75			Gorchov, D.L., Cornejo, F., Ascorra, C.F. and Jaramillo, M., 1995. Dietary overlap between frugivorous birds and bats in the Peruvian Amazon. Oikos, pp.235-250.
EOL:1052891	Tachyphonus surinamus		RO:0002470	eats	EOL:487705	Ficus americana	GEONAMES:8350640	Centro de Investigaciones Jenaro Herrera	-4.916667	-73.75			Gorchov, D.L., Cornejo, F., Ascorra, C.F. and Jaramillo, M., 1995. Dietary overlap between frugivorous birds and bats in the Peruvian Amazon. Oikos, pp.235-250.
EOL:327436	Carollia brevicauda		RO:0002470	eats	EOL:486213	Piper aduncum	GEONAMES:8350640	Centro de Investigaciones Jenaro Herrera	-4.916667	-73.75			Gorchov, D.L., Cornejo, F., Ascorra, C.F. and Jaramillo, M., 1995. Dietary overlap between frugivorous birds and bats in the Peruvian Amazon. Oikos, pp.235-250.
EOL:327438	Carollia perspicillata		RO:0002470	eats	EOL:486213	Piper aduncum	GEONAMES:8350640	Centro de Investigaciones Jenaro Herrera	-4.916667	-73.75			Gorchov, D.L., Cornejo, F., Ascorra, C.F. and Jaramillo, M., 1995. Dietary overlap between frugivorous birds and bats in the Peruvian Amazon. Oikos, pp.235-250.
EOL:327863	Artibeus jamaicensis		RO:0002470	eats	EOL:486213	Piper aduncum	GEONAMES:8350640	Centro de Investigaciones Jenaro Herrera	-4.916667	-73.75			Gorchov, D.L., Cornejo, F., Ascorra, C.F. and Jaramillo, M., 1995. Dietary overlap between frugivorous birds and bats in the Peruvian Amazon. Oikos, pp.235-250.
EOL:327398	Phyllostomus hastatus		RO:0002470	eats	EOL:486213	Piper aduncum	GEONAMES:8350640	Centro de Investigaciones Jenaro Herrera	-4.916667	-73.75			Gorchov, D.L., Cornejo, F., Ascorra, C.F. and Jaramillo, M., 1995. Dietary overlap between frugivorous birds and bats in the Peruvian Amazon. Oikos, pp.235-250.
EOL:327359	Artibeus lituratus		RO:0002470	eats	EOL:486213	Piper aduncum	GEONAMES:8350640	Centro de Investigaciones Jenaro Herrera	-4.916667	-73.75			Gorchov, D.L., Cornejo, F., Ascorra, C.F. and Jaramillo, M., 1995. Dietary overlap between frugivorous birds and bats in the Peruvian Amazon. Oikos, pp.235-250.
EOL:327442	Rhinophylla pumilio		RO:0002470	eats	EOL:5719363	Cecropia distachya	GEONAMES:8350640	Centro de Investigaciones Jenaro Herrera	-4.916667	-73.75			Gorchov, D.L., Cornejo, F., Ascorra, C.F. and Jaramillo, M., 1995. Dietary overlap between frugivorous birds and bats in the Peruvian Amazon. Oikos, pp.235-250.
EOL:126980	Sturnira lilium		RO:0002470	eats	EOL:5719363	Cecropia distachya	GEONAMES:8350640	Centro de Investigaciones Jenaro Herrera	-4.916667	-73.75			Gorchov, D.L., Cornejo, F., Ascorra, C.F. and Jaramillo, M., 1995. Dietary overlap between frugivorous birds and bats in the Peruvian Amazon. Oikos, pp.235-250.
EOL:327437	Carollia castanea		RO:0002470	eats	EOL:486213	Piper aduncum	GEONAMES:8350640	Centro de Investigaciones Jenaro Herrera	-4.916667	-73.75			Gorchov, D.L., Cornejo, F., Ascorra, C.F. and Jaramillo, M., 1995. Dietary overlap between frugivorous birds and bats in the Peruvian Amazon. Oikos, pp.235-250.
EOL:289573	Uroderma bilobatum		RO:0002470	eats	EOL:486213	Piper aduncum	GEONAMES:8350640	Centro de Investigaciones Jenaro Herrera	-4.916667	-73.75			Gorchov, D.L., Cornejo, F., Ascorra, C.F. and Jaramillo, M., 1995. Dietary overlap between frugivorous birds and bats in the Peruvian Amazon. Oikos, pp.235-250.
EOL:327863	Artibeus jamaicensis		RO:0002470	eats	EOL:5480596	Piper arboreum	GEONAMES:8350640	Centro de Investigaciones Jenaro Herrera	-4.916667	-73.75			Gorchov, D.L., Cornejo, F., Ascorra, C.F. and Jaramillo, M., 1995. Dietary overlap between frugivorous birds and bats in the Peruvian Amazon. Oikos, pp.235-250.
EOL:327398	Phyllostomus hastatus		RO:0002470	eats	EOL:5719363	Cecropia distachya	GEONAMES:8350640	Centro de Investigaciones Jenaro Herrera	-4.916667	-73.75			Gorchov, D.L., Cornejo, F., Ascorra, C.F. and Jaramillo, M., 1995. Dietary overlap between frugivorous birds and bats in the Peruvian Amazon. Oikos, pp.235-250.
EOL:327359	Artibeus lituratus		RO:0002470	eats	EOL:5719363	Cecropia distachya	GEONAMES:8350640	Centro de Investigaciones Jenaro Herrera	-4.916667	-73.75			Gorchov, D.L., Cornejo, F., Ascorra, C.F. and Jaramillo, M., 1995. Dietary overlap between frugivorous birds and bats in the Peruvian Amazon. Oikos, pp.235-250.
EOL:289573	Uroderma bilobatum		RO:0002470	eats	EOL:5480596	Piper arboreum	GEONAMES:8350640	Centro de Investigaciones Jenaro Herrera	-4.916667	-73.75			Gorchov, D.L., Cornejo, F., Ascorra, C.F. and Jaramillo, M., 1995. Dietary overlap between frugivorous birds and bats in the Peruvian Amazon. Oikos, pp.235-250.
EOL:327863	Artibeus jamaicensis		RO:0002470	eats	EOL:5719363	Cecropia distachya	GEONAMES:8350640	Centro de Investigaciones Jenaro Herrera	-4.916667	-73.75			Gorchov, D.L., Cornejo, F., Ascorra, C.F. and Jaramillo, M., 1995. Dietary overlap between frugivorous birds and bats in the Peruvian Amazon. Oikos, pp.235-250.
EOL:327436	Carollia brevicauda		RO:0002470	eats	EOL:5480596	Piper arboreum	GEONAMES:8350640	Centro de Investigaciones Jenaro Herrera	-4.916667	-73.75			Gorchov, D.L., Cornejo, F., Ascorra, C.F. and Jaramillo, M., 1995. Dietary overlap between frugivorous birds and bats in the Peruvian Amazon. Oikos, pp.235-250.
EOL:327438	Carollia perspicillata		RO:0002470	eats	EOL:5480596	Piper arboreum	GEONAMES:8350640	Centro de Investigaciones Jenaro Herrera	-4.916667	-73.75			Gorchov, D.L., Cornejo, F., Ascorra, C.F. and Jaramillo, M., 1995. Dietary overlap between frugivorous birds and bats in the Peruvian Amazon. Oikos, pp.235-250.
EOL:327437	Carollia castanea		RO:0002470	eats	EOL:5480596	Piper arboreum	GEONAMES:8350640	Centro de Investigaciones Jenaro Herrera	-4.916667	-73.75			Gorchov, D.L., Cornejo, F., Ascorra, C.F. and Jaramillo, M., 1995. Dietary overlap between frugivorous birds and bats in the Peruvian Amazon. Oikos, pp.235-250.
EOL:327360	Artibeus obscurus		RO:0002470	eats	EOL:60627	Ficus sp.	GEONAMES:8350640	Centro de Investigaciones Jenaro Herrera	-4.916667	-73.75			Gorchov, D.L., Cornejo, F., Ascorra, C.F. and Jaramillo, M., 1995. Dietary overlap between frugivorous birds and bats in the Peruvian Amazon. Oikos, pp.235-250.
EOL:4438525	Artibeus gnomus		RO:0002470	eats	EOL:60627	Ficus sp.	GEONAMES:8350640	Centro de Investigaciones Jenaro Herrera	-4.916667	-73.75			Gorchov, D.L., Cornejo, F., Ascorra, C.F. and Jaramillo, M., 1995. Dietary overlap between frugivorous birds and bats in the Peruvian Amazon. Oikos, pp.235-250.
EOL:327436	Carollia brevicauda		RO:0002470	eats	EOL:5719363	Cecropia distachya	GEONAMES:8350640	Centro de Investigaciones Jenaro Herrera	-4.916667	-73.75			Gorchov, D.L., Cornejo, F., Ascorra, C.F. and Jaramillo, M., 1995. Dietary overlap between frugivorous birds and bats in the Peruvian Amazon. Oikos, pp.235-250.
EOL:327438	Carollia perspicillata		RO:0002470	eats	EOL:5719363	Cecropia distachya	GEONAMES:8350640	Centro de Investigaciones Jenaro Herrera	-4.916667	-73.75			Gorchov, D.L., Cornejo, F., Ascorra, C.F. and Jaramillo, M., 1995. Dietary overlap between frugivorous birds and bats in the Peruvian Amazon. Oikos, pp.235-250.
EOL:327863	Artibeus jamaicensis		RO:0002470	eats	EOL:60627	Ficus sp.	GEONAMES:8350640	Centro de Investigaciones Jenaro Herrera	-4.916667	-73.75			Gorchov, D.L., Cornejo, F., Ascorra, C.F. and Jaramillo, M., 1995. Dietary overlap between frugivorous birds and bats in the Peruvian Amazon. Oikos, pp.235-250.
EOL:289573	Uroderma bilobatum		RO:0002470	eats	EOL:60627	Ficus sp.	GEONAMES:8350640	Centro de Investigaciones Jenaro Herrera	-4.916667	-73.75			Gorchov, D.L., Cornejo, F., Ascorra, C.F. and Jaramillo, M., 1995. Dietary overlap between frugivorous birds and bats in the Peruvian Amazon. Oikos, pp.235-250.
EOL:289573	Uroderma bilobatum		RO:0002470	eats	EOL:60627	Ficus sp.	GEONAMES:8350640	Centro de Investigaciones Jenaro Herrera	-4.916667	-73.75			Gorchov, D.L., Cornejo, F., Ascorra, C.F. and Jaramillo, M., 1995. Dietary overlap between frugivorous birds and bats in the Peruvian Amazon. Oikos, pp.235-250.
EOL:327436	Carollia brevicauda		RO:0002470	eats	EOL:60627	Ficus sp.	GEONAMES:8350640	Centro de Investigaciones Jenaro Herrera	-4.916667	-73.75			Gorchov, D.L., Cornejo, F., Ascorra, C.F. and Jaramillo, M., 1995. Dietary overlap between frugivorous birds and bats in the Peruvian Amazon. Oikos, pp.235-250.
EOL:327437	Carollia castanea		RO:0002470	eats	EOL:60627	Ficus sp.	GEONAMES:8350640	Centro de Investigaciones Jenaro Herrera	-4.916667	-73.75			Gorchov, D.L., Cornejo, F., Ascorra, C.F. and Jaramillo, M., 1995. Dietary overlap between frugivorous birds and bats in the Peruvian Amazon. Oikos, pp.235-250.
EOL:327398	Phyllostomus hastatus		RO:0002470	eats	EOL:60627	Ficus sp.	GEONAMES:8350640	Centro de Investigaciones Jenaro Herrera	-4.916667	-73.75			Gorchov, D.L., Cornejo, F., Ascorra, C.F. and Jaramillo, M., 1995. Dietary overlap between frugivorous birds and bats in the Peruvian Amazon. Oikos, pp.235-250.
EOL:327863	Artibeus jamaicensis		RO:0002470	eats	EOL:60627	Ficus sp.	GEONAMES:8350640	Centro de Investigaciones Jenaro Herrera	-4.916667	-73.75			Gorchov, D.L., Cornejo, F., Ascorra, C.F. and Jaramillo, M., 1995. Dietary overlap between frugivorous birds and bats in the Peruvian Amazon. Oikos, pp.235-250.
EOL:327359	Artibeus lituratus		RO:0002470	eats	EOL:60627	Ficus sp.	GEONAMES:8350640	Centro de Investigaciones Jenaro Herrera	-4.916667	-73.75			Gorchov, D.L., Cornejo, F., Ascorra, C.F. and Jaramillo, M., 1995. Dietary overlap between frugivorous birds and bats in the Peruvian Amazon. Oikos, pp.235-250.
EOL:327438	Carollia perspicillata		RO:0002470	eats	EOL:60627	Ficus sp.	GEONAMES:8350640	Centro de Investigaciones Jenaro Herrera	-4.916667	-73.75			Gorchov, D.L., Cornejo, F., Ascorra, C.F. and Jaramillo, M., 1995. Dietary overlap between frugivorous birds and bats in the Peruvian Amazon. Oikos, pp.235-250.
EOL:327438	Carollia perspicillata		RO:0002470	eats	EOL:60627	Ficus sp.	GEONAMES:8350640	Centro de Investigaciones Jenaro Herrera	-4.916667	-73.75			Gorchov, D.L., Cornejo, F., Ascorra, C.F. and Jaramillo, M., 1995. Dietary overlap between frugivorous birds and bats in the Peruvian Amazon. Oikos, pp.235-250.
EOL:327359	Artibeus lituratus		RO:0002470	eats	EOL:5708536	Vismia angusta	GEONAMES:8350640	Centro de Investigaciones Jenaro Herrera	-4.916667	-73.75			Gorchov, D.L., Cornejo, F., Ascorra, C.F. and Jaramillo, M., 1995. Dietary overlap between frugivorous birds and bats in the Peruvian Amazon. Oikos, pp.235-250.
EOL:4438525	Artibeus gnomus		RO:0002470	eats	EOL:5708536	Vismia angusta	GEONAMES:8350640	Centro de Investigaciones Jenaro Herrera	-4.916667	-73.75			Gorchov, D.L., Cornejo, F., Ascorra, C.F. and Jaramillo, M., 1995. Dietary overlap between frugivorous birds and bats in the Peruvian Amazon. Oikos, pp.235-250.
EOL:327437	Carollia castanea		RO:0002470	eats	EOL:5708536	Vismia angusta	GEONAMES:8350640	Centro de Investigaciones Jenaro Herrera	-4.916667	-73.75			Gorchov, D.L., Cornejo, F., Ascorra, C.F. and Jaramillo, M., 1995. Dietary overlap between frugivorous birds and bats in the Peruvian Amazon. Oikos, pp.235-250.
EOL:327442	Rhinophylla pumilio		RO:0002470	eats	EOL:5708536	Vismia angusta	GEONAMES:8350640	Centro de Investigaciones Jenaro Herrera	-4.916667	-73.75			Gorchov, D.L., Cornejo, F., Ascorra, C.F. and Jaramillo, M., 1995. Dietary overlap between frugivorous birds and bats in the Peruvian Amazon. Oikos, pp.235-250.
EOL:327436	Carollia brevicauda		RO:0002470	eats	EOL:5708536	Vismia angusta	GEONAMES:8350640	Centro de Investigaciones Jenaro Herrera	-4.916667	-73.75			Gorchov, D.L., Cornejo, F., Ascorra, C.F. and Jaramillo, M., 1995. Dietary overlap between frugivorous birds and bats in the Peruvian Amazon. Oikos, pp.235-250.
EOL:327438	Carollia perspicillata		RO:0002470	eats	EOL:5708536	Vismia angusta	GEONAMES:8350640	Centro de Investigaciones Jenaro Herrera	-4.916667	-73.75			Gorchov, D.L., Cornejo, F., Ascorra, C.F. and Jaramillo, M., 1995. Dietary overlap between frugivorous birds and bats in the Peruvian Amazon. Oikos, pp.235-250.
EOL:289573	Uroderma bilobatum		RO:0002470	eats	EOL:5708536	Vismia angusta	GEONAMES:8350640	Centro de Investigaciones Jenaro Herrera	-4.916667	-73.75			Gorchov, D.L., Cornejo, F., Ascorra, C.F. and Jaramillo, M., 1995. Dietary overlap between frugivorous birds and bats in the Peruvian Amazon. Oikos, pp.235-250.
EOL:327398	Phyllostomus hastatus		RO:0002470	eats	EOL:5708536	Vismia angusta	GEONAMES:8350640	Centro de Investigaciones Jenaro Herrera	-4.916667	-73.75			Gorchov, D.L., Cornejo, F., Ascorra, C.F. and Jaramillo, M., 1995. Dietary overlap between frugivorous birds and bats in the Peruvian Amazon. Oikos, pp.235-250.
EOL:327863	Artibeus jamaicensis		RO:0002470	eats	EOL:5708536	Vismia angusta	GEONAMES:8350640	Centro de Investigaciones Jenaro Herrera	-4.916667	-73.75			Gorchov, D.L., Cornejo, F., Ascorra, C.F. and Jaramillo, M., 1995. Dietary overlap between frugivorous birds and bats in the Peruvian Amazon. Oikos, pp.235-250.
EOL:1048742	Phaethornis eurynome		RO:0002470	eats	EOL:558973	Vriesea jonghei	GEONAMES:6322148	Boraceia, an area of very humid forest in the Sena do Mar, SE Brazil 			1983-11-09/1983-12-15		Snow, D.W. and Snow, B.K., 1986. Feeding ecology of hummingbirds in the Serra do Mar, southeastern Brazil. El hornero, 12(04), pp.286-296.
EOL:1048807	Leucochloris albicollis		RO:0002470	eats	EOL:8758114	Mendoncia coccinea	GEONAMES:6322148	Boraceia, an area of very humid forest in the Sena do Mar, SE Brazil 			1983-11-09/1983-12-15		Snow, D.W. and Snow, B.K., 1986. Feeding ecology of hummingbirds in the Serra do Mar, southeastern Brazil. El hornero, 12(04), pp.286-296.
EOL:1048831	Clytolaema rubricauda	male	RO:0002470	eats	EOL:5465970	Fuchsia regia	GEONAMES:6322148	Boraceia, an area of very humid forest in the Sena do Mar, SE Brazil 			1983-11-09/1983-12-15		Snow, D.W. and Snow, B.K., 1986. Feeding ecology of hummingbirds in the Serra do Mar, southeastern Brazil. El hornero, 12(04), pp.286-296.
EOL:1048742	Phaethornis eurynome		RO:0002470	eats	EOL:1118036	Heliconia velloziana	GEONAMES:6322148	Boraceia, an area of very humid forest in the Sena do Mar, SE Brazil 			1983-11-09/1983-12-15		Snow, D.W. and Snow, B.K., 1986. Feeding ecology of hummingbirds in the Serra do Mar, southeastern Brazil. El hornero, 12(04), pp.286-296.
EOL:1065092	Melanotrochilus fuscus		RO:0002470	eats	EOL:1015114	Phormium tenax	GEONAMES:6322148	Boraceia, an area of very humid forest in the Sena do Mar, SE Brazil 			1983-11-09/1983-12-15		Snow, D.W. and Snow, B.K., 1986. Feeding ecology of hummingbirds in the Serra do Mar, southeastern Brazil. El hornero, 12(04), pp.286-296.
EOL:1048742	Phaethornis eurynome		RO:0002470	eats	EOL:414789	Dahlstedtia pinnata	GEONAMES:6322148	Boraceia, an area of very humid forest in the Sena do Mar, SE Brazil 			1983-11-09/1983-12-15		Snow, D.W. and Snow, B.K., 1986. Feeding ecology of hummingbirds in the Serra do Mar, southeastern Brazil. El hornero, 12(04), pp.286-296.
EOL:1048807	Leucochloris albicollis		RO:0002470	eats	EOL:1085671	Alstroemeria campaniflora	GEONAMES:6322148	Boraceia, an area of very humid forest in the Sena do Mar, SE Brazil 			1983-11-09/1983-12-15		Snow, D.W. and Snow, B.K., 1986. Feeding ecology of hummingbirds in the Serra do Mar, southeastern Brazil. El hornero, 12(04), pp.286-296.
EOL:1048742	Phaethornis eurynome		RO:0002470	eats	EOL:1127126	Aechmea pectinata	GEONAMES:6322148	Boraceia, an area of very humid forest in the Sena do Mar, SE Brazil 			1983-11-09/1983-12-15		Snow, D.W. and Snow, B.K., 1986. Feeding ecology of hummingbirds in the Serra do Mar, southeastern Brazil. El hornero, 12(04), pp.286-296.
EOL:1048742	Phaethornis eurynome		RO:0002470	eats	EOL:1085670	Alstroemeria inodora	GEONAMES:6322148	Boraceia, an area of very humid forest in the Sena do Mar, SE Brazil 			1983-11-09/1983-12-15		Snow, D.W. and Snow, B.K., 1986. Feeding ecology of hummingbirds in the Serra do Mar, southeastern Brazil. El hornero, 12(04), pp.286-296.
EOL:1048668	Amazilia versicolor		RO:0002470	eats	EOL:1085671	Alstroemeria campaniflora	GEONAMES:6322148	Boraceia, an area of very humid forest in the Sena do Mar, SE Brazil 			1983-11-09/1983-12-15		Snow, D.W. and Snow, B.K., 1986. Feeding ecology of hummingbirds in the Serra do Mar, southeastern Brazil. El hornero, 12(04), pp.286-296.
EOL:1048831	Clytolaema rubricauda	male	RO:0002470	eats	EOL:8758114	Mendoncia coccinea	GEONAMES:6322148	Boraceia, an area of very humid forest in the Sena do Mar, SE Brazil 			1983-11-09/1983-12-15		Snow, D.W. and Snow, B.K., 1986. Feeding ecology of hummingbirds in the Serra do Mar, southeastern Brazil. El hornero, 12(04), pp.286-296.
EOL:1048831	Clytolaema rubricauda	female	RO:0002470	eats	EOL:5465970	Fuchsia regia	GEONAMES:6322148	Boraceia, an area of very humid forest in the Sena do Mar, SE Brazil 			1983-11-09/1983-12-15		Snow, D.W. and Snow, B.K., 1986. Feeding ecology of hummingbirds in the Serra do Mar, southeastern Brazil. El hornero, 12(04), pp.286-296.
EOL:1048831	Clytolaema rubricauda	female	RO:0002470	eats	EOL:1118036	Heliconia velloziana	GEONAMES:6322148	Boraceia, an area of very humid forest in the Sena do Mar, SE Brazil 			1983-11-09/1983-12-15		Snow, D.W. and Snow, B.K., 1986. Feeding ecology of hummingbirds in the Serra do Mar, southeastern Brazil. El hornero, 12(04), pp.286-296.
EOL:1048807	Leucochloris albicollis		RO:0002470	eats	EOL:1015114	Phormium tenax	GEONAMES:6322148	Boraceia, an area of very humid forest in the Sena do Mar, SE Brazil 			1983-11-09/1983-12-15		Snow, D.W. and Snow, B.K., 1986. Feeding ecology of hummingbirds in the Serra do Mar, southeastern Brazil. El hornero, 12(04), pp.286-296.
EOL:1048807	Leucochloris albicollis		RO:0002470	eats	EOL:414789	Dahlstedtia pinnata	GEONAMES:6322148	Boraceia, an area of very humid forest in the Sena do Mar, SE Brazil 			1983-11-09/1983-12-15		Snow, D.W. and Snow, B.K., 1986. Feeding ecology of hummingbirds in the Serra do Mar, southeastern Brazil. El hornero, 12(04), pp.286-296.
EOL:1065092	Melanotrochilus fuscus		RO:0002470	eats	EOL:558973	Vriesea jonghei	GEONAMES:6322148	Boraceia, an area of very humid forest in the Sena do Mar, SE Brazil 			1983-11-09/1983-12-15		Snow, D.W. and Snow, B.K., 1986. Feeding ecology of hummingbirds in the Serra do Mar, southeastern Brazil. El hornero, 12(04), pp.286-296.
EOL:1048807	Leucochloris albicollis		RO:0002470	eats	EOL:558973	Vriesea jonghei	GEONAMES:6322148	Boraceia, an area of very humid forest in the Sena do Mar, SE Brazil 			1983-11-09/1983-12-15		Snow, D.W. and Snow, B.K., 1986. Feeding ecology of hummingbirds in the Serra do Mar, southeastern Brazil. El hornero, 12(04), pp.286-296.
EOL:1048831	Clytolaema rubricauda	female	RO:0002470	eats	EOL:8758114	Mendoncia coccinea	GEONAMES:6322148	Boraceia, an area of very humid forest in the Sena do Mar, SE Brazil 			1983-11-09/1983-12-15		Snow, D.W. and Snow, B.K., 1986. Feeding ecology of hummingbirds in the Serra do Mar, southeastern Brazil. El hornero, 12(04), pp.286-296.
EOL:1048831	Clytolaema rubricauda	male	RO:0002470	eats	EOL:1015114	Phormium tenax	GEONAMES:6322148	Boraceia, an area of very humid forest in the Sena do Mar, SE Brazil 			1983-11-09/1983-12-15		Snow, D.W. and Snow, B.K., 1986. Feeding ecology of hummingbirds in the Serra do Mar, southeastern Brazil. El hornero, 12(04), pp.286-296.
EOL:1048797	Thalurania glaucopis	male	RO:0002470	eats	EOL:5465970	Fuchsia regia	GEONAMES:6322148	Boraceia, an area of very humid forest in the Sena do Mar, SE Brazil 			1983-11-09/1983-12-15		Snow, D.W. and Snow, B.K., 1986. Feeding ecology of hummingbirds in the Serra do Mar, southeastern Brazil. El hornero, 12(04), pp.286-296.
EOL:1048797	Thalurania glaucopis	male	RO:0002470	eats	EOL:1118036	Heliconia velloziana	GEONAMES:6322148	Boraceia, an area of very humid forest in the Sena do Mar, SE Brazil 			1983-11-09/1983-12-15		Snow, D.W. and Snow, B.K., 1986. Feeding ecology of hummingbirds in the Serra do Mar, southeastern Brazil. El hornero, 12(04), pp.286-296.
EOL:1048831	Clytolaema rubricauda	female	RO:0002470	eats	EOL:414789	Dahlstedtia pinnata	GEONAMES:6322148	Boraceia, an area of very humid forest in the Sena do Mar, SE Brazil 			1983-11-09/1983-12-15		Snow, D.W. and Snow, B.K., 1986. Feeding ecology of hummingbirds in the Serra do Mar, southeastern Brazil. El hornero, 12(04), pp.286-296.
EOL:1048668	Amazilia versicolor		RO:0002470	eats	EOL:558973	Vriesea jonghei	GEONAMES:6322148	Boraceia, an area of very humid forest in the Sena do Mar, SE Brazil 			1983-11-09/1983-12-15		Snow, D.W. and Snow, B.K., 1986. Feeding ecology of hummingbirds in the Serra do Mar, southeastern Brazil. El hornero, 12(04), pp.286-296.
EOL:1048797	Thalurania glaucopis	male	RO:0002470	eats	EOL:414789	Dahlstedtia pinnata	GEONAMES:6322148	Boraceia, an area of very humid forest in the Sena do Mar, SE Brazil 			1983-11-09/1983-12-15		Snow, D.W. and Snow, B.K., 1986. Feeding ecology of hummingbirds in the Serra do Mar, southeastern Brazil. El hornero, 12(04), pp.286-296.
EOL:1048797	Thalurania glaucopis	female	RO:0002470	eats	EOL:8758114	Mendoncia coccinea	GEONAMES:6322148	Boraceia, an area of very humid forest in the Sena do Mar, SE Brazil 			1983-11-09/1983-12-15		Snow, D.W. and Snow, B.K., 1986. Feeding ecology of hummingbirds in the Serra do Mar, southeastern Brazil. El hornero, 12(04), pp.286-296.
EOL:1048797	Thalurania glaucopis	female	RO:0002470	eats	EOL:1015114	Phormium tenax	GEONAMES:6322148	Boraceia, an area of very humid forest in the Sena do Mar, SE Brazil 			1983-11-09/1983-12-15		Snow, D.W. and Snow, B.K., 1986. Feeding ecology of hummingbirds in the Serra do Mar, southeastern Brazil. El hornero, 12(04), pp.286-296.
EOL:1048797	Thalurania glaucopis	female	RO:0002470	eats	EOL:5465970	Fuchsia regia	GEONAMES:6322148	Boraceia, an area of very humid forest in the Sena do Mar, SE Brazil 			1983-11-09/1983-12-15		Snow, D.W. and Snow, B.K., 1986. Feeding ecology of hummingbirds in the Serra do Mar, southeastern Brazil. El hornero, 12(04), pp.286-296.
EOL:1048797	Thalurania glaucopis	female	RO:0002470	eats	EOL:1118036	Heliconia velloziana	GEONAMES:6322148	Boraceia, an area of very humid forest in the Sena do Mar, SE Brazil 			1983-11-09/1983-12-15		Snow, D.W. and Snow, B.K., 1986. Feeding ecology of hummingbirds in the Serra do Mar, southeastern Brazil. El hornero, 12(04), pp.286-296.
EOL:1048831	Clytolaema rubricauda	male	RO:0002470	eats	EOL:558973	Vriesea jonghei	GEONAMES:6322148	Boraceia, an area of very humid forest in the Sena do Mar, SE Brazil 			1983-11-09/1983-12-15		Snow, D.W. and Snow, B.K., 1986. Feeding ecology of hummingbirds in the Serra do Mar, southeastern Brazil. El hornero, 12(04), pp.286-296.
EOL:1048797	Thalurania glaucopis	male	RO:0002470	eats	EOL:8758114	Mendoncia coccinea	GEONAMES:6322148	Boraceia, an area of very humid forest in the Sena do Mar, SE Brazil 			1983-11-09/1983-12-15		Snow, D.W. and Snow, B.K., 1986. Feeding ecology of hummingbirds in the Serra do Mar, southeastern Brazil. El hornero, 12(04), pp.286-296.
EOL:1048797	Thalurania glaucopis	male	RO:0002470	eats	EOL:1015114	Phormium tenax	GEONAMES:6322148	Boraceia, an area of very humid forest in the Sena do Mar, SE Brazil 			1983-11-09/1983-12-15		Snow, D.W. and Snow, B.K., 1986. Feeding ecology of hummingbirds in the Serra do Mar, southeastern Brazil. El hornero, 12(04), pp.286-296.
EOL:1048831	Clytolaema rubricauda	female	RO:0002470	eats	EOL:558973	Vriesea jonghei	GEONAMES:6322148	Boraceia, an area of very humid forest in the Sena do Mar, SE Brazil 			1983-11-09/1983-12-15		Snow, D.W. and Snow, B.K., 1986. Feeding ecology of hummingbirds in the Serra do Mar, southeastern Brazil. El hornero, 12(04), pp.286-296.
EOL:1048797	Thalurania glaucopis	male	RO:0002470	eats	EOL:558973	Vriesea jonghei	GEONAMES:6322148	Boraceia, an area of very humid forest in the Sena do Mar, SE Brazil 			1983-11-09/1983-12-15		Snow, D.W. and Snow, B.K., 1986. Feeding ecology of hummingbirds in the Serra do Mar, southeastern Brazil. El hornero, 12(04), pp.286-296.
EOL:1048797	Thalurania glaucopis	female	RO:0002470	eats	EOL:558973	Vriesea jonghei	GEONAMES:6322148	Boraceia, an area of very humid forest in the Sena do Mar, SE Brazil 			1983-11-09/1983-12-15		Snow, D.W. and Snow, B.K., 1986. Feeding ecology of hummingbirds in the Serra do Mar, southeastern Brazil. El hornero, 12(04), pp.286-296.
